"parameter", "energy", "period", "x", "y", "z", "xdot", "ydot", "zdot", "n_corrector_iterations"
0.0, nan, 6.283185307179586, -0.07084826380483991, 0.0, 0.0, 0.0, 0.8283274559213458, 0.0, 0
0.005, nan, 6.283185307179586, -0.0714931319550662, 0.0, 0.0, 0.0, 0.8304851310292148, 0.0, 4
0.01, nan, 6.283185307179586, -0.07214368346403598, 0.0, 0.0, 0.0, 0.8326575637137437, 0.0, 4
0.015, nan, 6.283185307179586, -0.07280000371014861, 0.0, 0.0, 0.0, 0.8348449797877516, 0.0, 4
0.02, nan, 6.283185307179586, -0.07346218008207456, 0.0, 0.0, 0.0, 0.8370476116854706, 0.0, 4
0.025, nan, 6.283185307179586, -0.07413030204071032, 0.0, 0.0, 0.0, 0.8392656986439481, 0.0, 4
0.030000000000000002, nan, 6.283185307179586, -0.07480446118342372, 0.0, 0.0, 0.0, 0.8414994868921134, 0.0, 4
0.035, nan, 6.283185307179586, -0.07548475131073348, 0.0, 0.0, 0.0, 0.8437492298481943, 0.0, 4
0.04, nan, 6.283185307179586, -0.07617126849547674, 0.0, 0.0, 0.0, 0.8460151883254088, 0.0, 4
0.045, nan, 6.283185307179586, -0.07686411115462562, 0.0, 0.0, 0.0, 0.848297630746684, 0.0, 4
0.049999999999999996, nan, 6.283185307179586, -0.07756338012383962, 0.0, 0.0, 0.0, 0.8505968333685456, 0.0, 4
0.05499999999999999, nan, 6.283185307179586, -0.07826917873489861, 0.0, 0.0, 0.0, 0.8529130805147472, 0.0, 4
0.05999999999999999, nan, 6.283185307179586, -0.07898161289610314, 0.0, 0.0, 0.0, 0.8552466648197629, 0.0, 4
0.06499999999999999, nan, 6.283185307179586, -0.07970079117585538, 0.0, 0.0, 0.0, 0.8575978874831365, 0.0, 4
0.06999999999999999, nan, 6.283185307179586, -0.08042682488946513, 0.0, 0.0, 0.0, 0.8599670585344769, 0.0, 4
0.075, nan, 6.283185307179586, -0.08115982818941599, 0.0, 0.0, 0.0, 0.8623544971101691, 0.0, 4
0.08, nan, 6.283185307179586, -0.08189991815919913, 0.0, 0.0, 0.0, 0.8647605317420115, 0.0, 4
0.085, nan, 6.283185307179586, -0.08264721491088338, 0.0, 0.0, 0.0, 0.8671855006583377, 0.0, 4
0.09000000000000001, nan, 6.283185307179586, -0.08340184168661376, 0.0, 0.0, 0.0, 0.8696297520982877, 0.0, 4
0.09500000000000001, nan, 6.283185307179586, -0.0841639249641899, 0.0, 0.0, 0.0, 0.8720936446397242, 0.0, 4
0.10000000000000002, nan, 6.283185307179586, -0.08493359456694911, 0.0, 0.0, 0.0, 0.8745775475415369, 0.0, 4
0.10500000000000002, nan, 6.283185307179586, -0.0857109837781083, 0.0, 0.0, 0.0, 0.8770818411007767, 0.0, 4
0.11000000000000003, nan, 6.283185307179586, -0.08649622945980436, 0.0, 0.0, 0.0, 0.8796069170254908, 0.0, 4
0.11500000000000003, nan, 6.283185307179586, -0.08728947217702879, 0.0, 0.0, 0.0, 0.8821531788238113, 0.0, 4
0.12000000000000004, nan, 6.283185307179586, -0.08809085632671369, 0.0, 0.0, 0.0, 0.8847210422102395, 0.0, 4
0.12500000000000003, nan, 6.283185307179586, -0.08890053027215417, 0.0, 0.0, 0.0, 0.8873109355295455, 0.0, 4
0.13000000000000003, nan, 6.283185307179586, -0.08971864648306152, 0.0, 0.0, 0.0, 0.8899233001994319, 0.0, 4
0.13500000000000004, nan, 6.283185307179586, -0.09054536168149294, 0.0, 0.0, 0.0, 0.892558591172597, 0.0, 4
0.14000000000000004, nan, 6.283185307179586, -0.09138083699389622, 0.0, 0.0, 0.0, 0.8952172774189697, 0.0, 4
0.14500000000000005, nan, 6.283185307179586, -0.09222523810960284, 0.0, 0.0, 0.0, 0.8978998424292475, 0.0, 4
0.15000000000000005, nan, 6.283185307179586, -0.09307873544601415, 0.0, 0.0, 0.0, 0.9006067847403915, 0.0, 4
0.15500000000000005, nan, 6.283185307179586, -0.09394150432081451, 0.0, 0.0, 0.0, 0.9033386184841475, 0.0, 4
0.16000000000000006, nan, 6.283185307179586, -0.09481372513149397, 0.0, 0.0, 0.0, 0.9060958739594082, 0.0, 4
0.16500000000000006, nan, 6.283185307179586, -0.09569558354255472, 0.0, 0.0, 0.0, 0.9088790982296261, 0.0, 4
0.17000000000000007, nan, 6.283185307179586, -0.09658727068066295, 0.0, 0.0, 0.0, 0.9116888557458048, 0.0, 4
0.17500000000000007, nan, 6.283185307179586, -0.09748898333817549, 0.0, 0.0, 0.0, 0.9145257289965956, 0.0, 4
0.18000000000000008, nan, 6.283185307179586, -0.09840092418533128, 0.0, 0.0, 0.0, 0.9173903191859915, 0.0, 4
0.18500000000000008, nan, 6.283185307179586, -0.09932330199148381, 0.0, 0.0, 0.0, 0.9202832469397428, 0.0, 4
0.19000000000000009, nan, 6.283185307179586, -0.10025633185576288, 0.0, 0.0, 0.0, 0.9232051530414656, 0.0, 4
0.1950000000000001, nan, 6.283185307179586, -0.10120023544752862, 0.0, 0.0, 0.0, 0.9261566991992849, 0.0, 4
0.2000000000000001, nan, 6.283185307179586, -0.10215524125693959, 0.0, 0.0, 0.0, 0.9291385688435023, 0.0, 4
0.2050000000000001, nan, 6.283185307179586, -0.10312158485608885, 0.0, 0.0, 0.0, 0.9321514679564551, 0.0, 4
0.2100000000000001, nan, 6.283185307179586, -0.10409950917100104, 0.0, 0.0, 0.0, 0.9351961259347534, 0.0, 4
0.2150000000000001, nan, 6.283185307179586, -0.10508926476485575, 0.0, 0.0, 0.0, 0.9382732964843077, 0.0, 4
0.2200000000000001, nan, 6.283185307179586, -0.10609111013279018, 0.0, 0.0, 0.0, 0.9413837585485224, 0.0, 4
0.22500000000000012, nan, 6.283185307179586, -0.10710531200850436, 0.0, 0.0, 0.0, 0.9445283172689749, 0.0, 4
0.23000000000000012, nan, 6.283185307179586, -0.10813214568306327, 0.0, 0.0, 0.0, 0.9477078049789265, 0.0, 4
0.23500000000000013, nan, 6.283185307179586, -0.10917189533592567, 0.0, 0.0, 0.0, 0.950923082227643, 0.0, 4
0.24000000000000013, nan, 6.283185307179586, -0.1102248543785022, 0.0, 0.0, 0.0, 0.9541750388349295, 0.0, 4
0.24500000000000013, nan, 6.283185307179586, -0.11129132581017662, 0.0, 0.0, 0.0, 0.9574645949729697, 0.0, 4
0.2500000000000001, nan, 6.283185307179586, -0.11237162258678329, 0.0, 0.0, 0.0, 0.9607927022726579, 0.0, 4
0.2550000000000001, nan, 6.283185307179586, -0.11346606800132068, 0.0, 0.0, 0.0, 0.9641603449501375, 0.0, 4
0.2600000000000001, nan, 6.283185307179586, -0.11457499607651157, 0.0, 0.0, 0.0, 0.9675685409479226, 0.0, 4
0.2650000000000001, nan, 6.283185307179586, -0.1156987519685977, 0.0, 0.0, 0.0, 0.971018343083327, 0.0, 4
0.27000000000000013, nan, 6.283185307179586, -0.11683769238148892, 0.0, 0.0, 0.0, 0.9745108401949983, 0.0, 4
0.27500000000000013, nan, 6.283185307179586, -0.11799218599002416, 0.0, 0.0, 0.0, 0.9780471582755617, 0.0, 4
0.28000000000000014, nan, 6.283185307179586, -0.11916261387065978, 0.0, 0.0, 0.0, 0.9816284615753369, 0.0, 4
0.28500000000000014, nan, 6.283185307179586, -0.12034936993739022, 0.0, 0.0, 0.0, 0.985255953658112, 0.0, 4
0.29000000000000015, nan, 6.283185307179586, -0.1215528613800226, 0.0, 0.0, 0.0, 0.9889308783850834, 0.0, 4
0.29500000000000015, nan, 6.283185307179586, -0.12277350910108005, 0.0, 0.0, 0.0, 0.9926545207968422, 0.0, 4
0.30000000000000016, nan, 6.283185307179586, -0.12401174814658267, 0.0, 0.0, 0.0, 0.9964282078555714, 0.0, 4
0.30500000000000016, nan, 6.283185307179586, -0.1252680281246882, 0.0, 0.0, 0.0, 1.000253309000169, 0.0, 4
0.31000000000000016, nan, 6.283185307179586, -0.1265428136045251, 0.0, 0.0, 0.0, 1.0041312364545831, 0.0, 4
0.31500000000000017, nan, 6.283185307179586, -0.12783658448552204, 0.0, 0.0, 0.0, 1.0080634452142427, 0.0, 4
0.3200000000000002, nan, 6.283185307179586, -0.12914983632502572, 0.0, 0.0, 0.0, 1.0120514326158805, 0.0, 4
0.3250000000000002, nan, 6.283185307179586, -0.1304830806087622, 0.0, 0.0, 0.0, 1.0160967373707008, 0.0, 4
0.3300000000000002, nan, 6.283185307179586, -0.1318368449445772, 0.0, 0.0, 0.0, 1.0202009379082857, 0.0, 4
0.3350000000000002, nan, 6.283185307179586, -0.1332116731547745, 0.0, 0.0, 0.0, 1.0243656498365923, 0.0, 4
0.3400000000000002, nan, 6.283185307179586, -0.13460812523559895, 0.0, 0.0, 0.0, 1.0285925222678607, 0.0, 4
0.3450000000000002, nan, 6.283185307179586, -0.1360267771438371, 0.0, 0.0, 0.0, 1.0328832326874202, 0.0, 4
0.3500000000000002, nan, 6.283185307179586, -0.13746822035931375, 0.0, 0.0, 0.0, 1.0372394799453826, 0.0, 4
0.3550000000000002, nan, 6.283185307179586, -0.1389330611573264, 0.0, 0.0, 0.0, 1.0416629748199617, 0.0, 4
0.3600000000000002, nan, 6.283185307179586, -0.14042191950559405, 0.0, 0.0, 0.0, 1.046155427423148, 0.0, 4
0.3650000000000002, nan, 6.283185307179586, -0.14193542747436702, 0.0, 0.0, 0.0, 1.0507185304734379, 0.0, 4
0.3700000000000002, nan, 6.283185307179586, -0.14347422701301518, 0.0, 0.0, 0.0, 1.0553539371151075, 0.0, 4
0.3750000000000002, nan, 6.283185307179586, -0.1450389668982687, 0.0, 0.0, 0.0, 1.0600632314729677, 0.0, 4
0.3800000000000002, nan, 6.283185307179586, -0.1466302985921516, 0.0, 0.0, 0.0, 1.0648478894190316, 0.0, 4
0.38500000000000023, nan, 6.283185307179586, -0.14824887065264916, 0.0, 0.0, 0.0, 1.0697092259723746, 0.0, 4
0.39000000000000024, nan, 6.283185307179586, -0.14989532120321267, 0.0, 0.0, 0.0, 1.0746483241521543, 0.0, 4
0.39500000000000024, nan, 6.283185307179586, -0.15157026776533916, 0.0, 0.0, 0.0, 1.0796659376080096, 0.0, 4
0.40000000000000024, nan, 6.283185307179586, -0.15327429345307272, 0.0, 0.0, 0.0, 1.0847623553353136, 0.0, 4
0.40500000000000025, nan, 6.283185307179586, -0.15500792805276403, 0.0, 0.0, 0.0, 1.089937210080897, 0.0, 4
0.41000000000000025, nan, 6.283185307179586, -0.15677162174455103, 0.0, 0.0, 0.0, 1.0951892003709167, 0.0, 4
0.41500000000000026, nan, 6.283185307179586, -0.15856570793358796, 0.0, 0.0, 0.0, 1.1005156746967635, 0.0, 4
0.42000000000000026, nan, 6.283185307179586, -0.16039034938411087, 0.0, 0.0, 0.0, 1.1059119846914593, 0.0, 4
0.42500000000000027, nan, 6.283185307179586, -0.1622454575815488, 0.0, 0.0, 0.0, 1.1113704264444437, 0.0, 5
0.43000000000000027, nan, 6.283185307179586, -0.16413056660910674, 0.0, 0.0, 0.0, 1.1168783861654479, 0.0, 5
0.4350000000000003, nan, 6.283185307179586, -0.16604462353846883, 0.0, 0.0, 0.0, 1.1224147735958045, 0.0, 5
0.4400000000000003, nan, 6.283185307179586, -0.1679856082107146, 0.0, 0.0, 0.0, 1.1279421596485069, 0.0, 5
0.4450000000000003, nan, 6.283185307179586, -0.1699497442508855, 0.0, 0.0, 0.0, 1.133385220876785, 0.0, 6
0.4500000000000003, nan, 6.283185307179586, -0.17192944181426995, 0.0, 0.0, 0.0, 1.1385402385242123, 0.0, 12
0.4525000000000003, nan, 6.283185307179586, -0.17292019122723074, 0.0, 0.0, 0.0, 1.1407504871554968, 0.0, 6
0.453, nan, 6.283185307179586, -0.1731180065159264, 0.0, 0.0, 0.0, 1.141092767575299, 0.0, 4
